-- phpMyAdmin SQL Dump
-- version 5.1.1
-- https://www.phpmyadmin.net/
--
-- Host: 127.0.0.1
-- Waktu pembuatan: 28 Des 2022 pada 05.10
-- Versi server: 10.4.22-MariaDB
-- Versi PHP: 8.1.1

SET SQL_MODE = "NO_AUTO_VALUE_ON_ZERO";
START TRANSACTION;
SET time_zone = "+00:00";


/*!40101 SET @OLD_CHARACTER_SET_CLIENT=@@CHARACTER_SET_CLIENT */;
/*!40101 SET @OLD_CHARACTER_SET_RESULTS=@@CHARACTER_SET_RESULTS */;
/*!40101 SET @OLD_COLLATION_CONNECTION=@@COLLATION_CONNECTION */;
/*!40101 SET NAMES utf8mb4 */;

--
-- Database: `spk_waspas_ci`
--

-- --------------------------------------------------------

--
-- Struktur dari tabel `alternatif`
--

CREATE TABLE `alternatif` (
  `id_alternatif` int(11) NOT NULL,
  `nama` varchar(100) NOT NULL
) ENGINE=InnoDB DEFAULT CHARSET=latin1;

--
-- Dumping data untuk tabel `alternatif`
--

INSERT INTO `alternatif` (`id_alternatif`, `nama`) VALUES
(11, 'Pegawai 1'),
(12, 'Pegawai 2'),
(13, 'Pegawai 3'),
(14, 'Pegawai 4'),
(15, 'Pegawai 5');

-- --------------------------------------------------------

--
-- Struktur dari tabel `hasil`
--

CREATE TABLE `hasil` (
  `id_hasil` int(11) NOT NULL,
  `id_alternatif` int(11) NOT NULL,
  `nilai` float NOT NULL
) ENGINE=InnoDB DEFAULT CHARSET=latin1;

--
-- Dumping data untuk tabel `hasil`
--

INSERT INTO `hasil` (`id_hasil`, `id_alternatif`, `nilai`) VALUES
(1, 11, 4.8945),
(2, 12, 3.3355),
(3, 13, 3.6399),
(4, 14, 3.2076),
(5, 15, 3.3816);

-- --------------------------------------------------------

--
-- Struktur dari tabel `kriteria`
--

CREATE TABLE `kriteria` (
  `id_kriteria` int(11) NOT NULL,
  `keterangan` varchar(100) NOT NULL,
  `kode_kriteria` varchar(100) NOT NULL,
  `bobot` float NOT NULL,
  `jenis` varchar(100) NOT NULL
) ENGINE=InnoDB DEFAULT CHARSET=latin1;

--
-- Dumping data untuk tabel `kriteria`
--

INSERT INTO `kriteria` (`id_kriteria`, `keterangan`, `kode_kriteria`, `bobot`, `jenis`) VALUES
(18, 'Akademik', 'C1', 4, 'Benefit'),
(19, 'Kedisiplinan', 'C2', 3, 'Benefit'),
(20, 'Laporan Semester', 'C3', 1, 'Benefit'),
(21, 'Prestasi', 'C4', 2, 'Benefit');

-- --------------------------------------------------------

--
-- Struktur dari tabel `penilaian`
--

CREATE TABLE `penilaian` (
  `id_penilaian` int(11) NOT NULL,
  `id_alternatif` int(11) NOT NULL,
  `id_kriteria` int(11) NOT NULL,
  `nilai` int(100) NOT NULL
) ENGINE=InnoDB DEFAULT CHARSET=latin1;

--
-- Dumping data untuk tabel `penilaian`
--

INSERT INTO `penilaian` (`id_penilaian`, `id_alternatif`, `id_kriteria`, `nilai`) VALUES
(81, 11, 18, 67),
(82, 11, 19, 70),
(83, 11, 20, 74),
(84, 11, 21, 79),
(85, 12, 18, 68),
(86, 12, 19, 71),
(87, 12, 20, 75),
(88, 12, 21, 80),
(89, 13, 18, 68),
(90, 13, 19, 72),
(91, 13, 20, 75),
(92, 13, 21, 78),
(93, 14, 18, 69),
(94, 14, 19, 70),
(95, 14, 20, 75),
(96, 14, 21, 80),
(97, 15, 18, 69),
(98, 15, 19, 71),
(99, 15, 20, 76),
(100, 15, 21, 78);

-- --------------------------------------------------------

--
-- Struktur dari tabel `sub_kriteria`
--

CREATE TABLE `sub_kriteria` (
  `id_sub_kriteria` int(11) NOT NULL,
  `id_kriteria` int(11) NOT NULL,
  `deskripsi` varchar(200) NOT NULL,
  `nilai` float NOT NULL
) ENGINE=InnoDB DEFAULT CHARSET=latin1;

--
-- Dumping data untuk tabel `sub_kriteria`
--

INSERT INTO `sub_kriteria` (`id_sub_kriteria`, `id_kriteria`, `deskripsi`, `nilai`) VALUES
(67, 18, 'Magister', 100),
(68, 18, 'Sarjana', 75),
(69, 18, 'D3', 50),
(70, 19, '< 07.00 WIB', 100),
(71, 19, '07.00 - 07.30 WIB', 75),
(72, 19, '07.30 - 08.00 WIB', 50),
(73, 19, '> 08.30 WIB', 25),
(74, 20, 'Silabus, RPP, Modul, Soal Ujian', 100),
(75, 20, 'RPP, Modul, Soal Ujian', 75),
(76, 20, 'Modul, Soal Ujian', 50),
(77, 21, 'Nasional', 100),
(78, 21, 'Provinsi', 75),
(79, 21, 'Kabupaten', 50),
(80, 21, 'Kecamatan', 25);

-- --------------------------------------------------------

--
-- Struktur dari tabel `user`
--

CREATE TABLE `user` (
  `id_user` int(11) NOT NULL,
  `id_user_level` int(11) NOT NULL,
  `nama` varchar(200) NOT NULL,
  `email` varchar(100) NOT NULL,
  `username` varchar(100) NOT NULL,
  `password` varchar(100) NOT NULL
) ENGINE=InnoDB DEFAULT CHARSET=latin1;

--
-- Dumping data untuk tabel `user`
--

INSERT INTO `user` (`id_user`, `id_user_level`, `nama`, `email`, `username`, `password`) VALUES
(1, 1, 'Admin', 'admin@gmail.com', 'admin', '21232f297a57a5a743894a0e4a801fc3'),
(7, 2, 'User', 'user@gmail.com', 'user', 'ee11cbb19052e40b07aac0ca060c23ee');

-- --------------------------------------------------------

--
-- Struktur dari tabel `user_level`
--

CREATE TABLE `user_level` (
  `id_user_level` int(11) NOT NULL,
  `user_level` varchar(100) NOT NULL
) ENGINE=InnoDB DEFAULT CHARSET=latin1;

--
-- Dumping data untuk tabel `user_level`
--

INSERT INTO `user_level` (`id_user_level`, `user_level`) VALUES
(1, 'Administrator'),
(2, 'User');

--
-- Indexes for dumped tables
--

--
-- Indeks untuk tabel `alternatif`
--
ALTER TABLE `alternatif`
  ADD PRIMARY KEY (`id_alternatif`);

--
-- Indeks untuk tabel `hasil`
--
ALTER TABLE `hasil`
  ADD PRIMARY KEY (`id_hasil`),
  ADD KEY `id_alternatif` (`id_alternatif`);

--
-- Indeks untuk tabel `kriteria`
--
ALTER TABLE `kriteria`
  ADD PRIMARY KEY (`id_kriteria`);

--
-- Indeks untuk tabel `penilaian`
--
ALTER TABLE `penilaian`
  ADD PRIMARY KEY (`id_penilaian`),
  ADD KEY `id_alternatif` (`id_alternatif`),
  ADD KEY `id_kriteria` (`id_kriteria`),
  ADD KEY `nilai` (`nilai`);

--
-- Indeks untuk tabel `sub_kriteria`
--
ALTER TABLE `sub_kriteria`
  ADD PRIMARY KEY (`id_sub_kriteria`),
  ADD KEY `id_kriteria` (`id_kriteria`);

--
-- Indeks untuk tabel `user`
--
ALTER TABLE `user`
  ADD PRIMARY KEY (`id_user`),
  ADD KEY `id_user_level` (`id_user_level`);

--
-- Indeks untuk tabel `user_level`
--
ALTER TABLE `user_level`
  ADD PRIMARY KEY (`id_user_level`);

--
-- AUTO_INCREMENT untuk tabel yang dibuang
--

--
-- AUTO_INCREMENT untuk tabel `alternatif`
--
ALTER TABLE `alternatif`
  MODIFY `id_alternatif` int(11) NOT NULL AUTO_INCREMENT, AUTO_INCREMENT=16;

--
-- AUTO_INCREMENT untuk tabel `hasil`
--
ALTER TABLE `hasil`
  MODIFY `id_hasil` int(11) NOT NULL AUTO_INCREMENT, AUTO_INCREMENT=6;

--
-- AUTO_INCREMENT untuk tabel `kriteria`
--
ALTER TABLE `kriteria`
  MODIFY `id_kriteria` int(11) NOT NULL AUTO_INCREMENT, AUTO_INCREMENT=24;

--
-- AUTO_INCREMENT untuk tabel `penilaian`
--
ALTER TABLE `penilaian`
  MODIFY `id_penilaian` int(11) NOT NULL AUTO_INCREMENT, AUTO_INCREMENT=103;

--
-- AUTO_INCREMENT untuk tabel `sub_kriteria`
--
ALTER TABLE `sub_kriteria`
  MODIFY `id_sub_kriteria` int(11) NOT NULL AUTO_INCREMENT, AUTO_INCREMENT=84;

--
-- AUTO_INCREMENT untuk tabel `user`
--
ALTER TABLE `user`
  MODIFY `id_user` int(11) NOT NULL AUTO_INCREMENT, AUTO_INCREMENT=8;

--
-- AUTO_INCREMENT untuk tabel `user_level`
--
ALTER TABLE `user_level`
  MODIFY `id_user_level` int(11) NOT NULL AUTO_INCREMENT, AUTO_INCREMENT=3;

--
-- Ketidakleluasaan untuk tabel pelimpahan (Dumped Tables)
--

--
-- Ketidakleluasaan untuk tabel `hasil`
--
ALTER TABLE `hasil`
  ADD CONSTRAINT `hasil_ibfk_1` FOREIGN KEY (`id_alternatif`) REFERENCES `alternatif` (`id_alternatif`) ON DELETE CASCADE ON UPDATE CASCADE;

--
-- Ketidakleluasaan untuk tabel `penilaian`
--
ALTER TABLE `penilaian`
  ADD CONSTRAINT `penilaian_ibfk_1` FOREIGN KEY (`id_alternatif`) REFERENCES `alternatif` (`id_alternatif`) ON DELETE CASCADE ON UPDATE CASCADE,
  ADD CONSTRAINT `penilaian_ibfk_2` FOREIGN KEY (`id_kriteria`) REFERENCES `kriteria` (`id_kriteria`) ON DELETE CASCADE ON UPDATE CASCADE,
  ADD CONSTRAINT `penilaian_ibfk_3` FOREIGN KEY (`nilai`) REFERENCES `sub_kriteria` (`id_sub_kriteria`) ON DELETE CASCADE ON UPDATE CASCADE;

--
-- Ketidakleluasaan untuk tabel `sub_kriteria`
--
ALTER TABLE `sub_kriteria`
  ADD CONSTRAINT `sub_kriteria_ibfk_1` FOREIGN KEY (`id_kriteria`) REFERENCES `kriteria` (`id_kriteria`) ON DELETE CASCADE ON UPDATE CASCADE;

--
-- Ketidakleluasaan untuk tabel `user`
--
ALTER TABLE `user`
  ADD CONSTRAINT `user_ibfk_1` FOREIGN KEY (`id_user_level`) REFERENCES `user_level` (`id_user_level`) ON DELETE CASCADE ON UPDATE CASCADE;
COMMIT;

/*!40101 SET CHARACTER_SET_CLIENT=@OLD_CHARACTER_SET_CLIENT */;
/*!40101 SET CHARACTER_SET_RESULTS=@OLD_CHARACTER_SET_RESULTS */;
/*!40101 SET COLLATION_CONNECTION=@OLD_COLLATION_CONNECTION */;
